N,Codice ID,Sesso,Evento,Data di nascita,Data Esordio,Parentela,Livello,Status,Posizione,Monte ,Valle , CFH, CFI, MCP,C3, CFB,THBD,Esito MLPA,Ab antiFH,CFH-R5,DGKE
1,,M,SI,01-01-79,15-10-82,Fratello,0,Probando,,1,2,CFH,,,,,,,,,
1,,M,SI,18-05-92,20-11-92,Probando,0,Fratello,Valle,1,2,p.Arg1215Gln,,,,,,NON ESEGUITO,,,
1,5000,M,NO,01-01-52,30-06-18,Padre,-1,Padre,Monte,2,2,p.Arg1215Gln,,,,,,NON ESEGUITO,,,
1,,F,SI,01-07-88,30-06-89,Sorella,0,Sorella,Valle,1,2,CFH,,,,,,,,,
1,,M,SI,06-10-20,07-07-01,Nonno,-2,Probando,,0,1,CFH,,,,,,,,,
1,5005,M,SI,06-05-31,30-06-16,Nonno,-2,Fratello,Valle,0,2,p.Arg1215Gln,,,,,,NON ESEGUITO,,,
1,,M,NO,15-06-27,30-06-00,Nonno,-2,Fratello,Valle,0,2,CFH,,,,,,,,,
1,5002,F,SI,05-06-71,15-10-04,Cugina,0,Probando,,1,1,p.Arg1215Gln,,,,,,NON ESEGUITO,,,
1,5011,F,NO,13-02-62,30-06-18,Prozia,-1,Zia,Monte,1,2,p.Arg1215Gln,,,,,,NON ESEGUITO,,,
1,5019,F,NO,12-10-52,30-06-18,Prozia,-1,Madre,Monte,2,1,p.Arg1215Gln,,,,,,NON ESEGUITO,,,
1,5020,F,NO,04-10-96,30-06-18,Nipote,1,Figlia,Valle,2,0,p.Arg1215Gln,,,,,,NON ESEGUITO,,,
1,5028,M,NO,23-04-79,30-06-18,Cugino,0,Fratello,Valle,1,2,p.Arg1215Gln,,,,,,NON ESEGUITO,,,
2,,M,SI,16-02-99,24-08-99,Probando,0,Probando,,1,0,p.Val1197Ala,,,,,,NON ESEGUITO,,,
2,,M,NO,22-06-66,30-06-18,Padre,-1,Padre,Monte,0,2,BERGAMO,,,,,,NON ESEGUITO,,,
2,,M,NO,30-06-38,30-06-18,Nonno,-2,,,,,CFH,,,,,,,,,
2,,F,NO,30-06-32,30-06-18,Nonna,-2,,,,,CFH,,,,,,,,,
2,,M,NO,30-06-61,30-06-18,Zio,-1,,,,,CFH,,,,,,,,,
2,,M,NO,30-06-66,30-06-18,Zio,-1,,,,,CFH,,,,,,,,,
3,5031,M,SI,04-07-04,13-06-05,Probando,0,Probando,,1,0,p.Val1197Ala p.Ser1191Leu,,,,,,WT,,,
3,5032,M,NO,18-07-74,30-06-18,Padre,-1,Padre,Monte,0,2,p.Val1197Ala p.Ser1191Leu,,,,,,Delezione R3-R1 etero (CFH-23C/CFHR1-6B),,,
3,,M,NO,30-06-48,30-06-90,Nonno,-2,,,,,CFH,,,,,,,,,
4,6006,M,SI,13-06-76,21-05-06,Probando,0,Probando,,1,0,p.Arg1210Cys,p.Ile357Met,c.286+2 T>G,Negativo,Negativo,Negativo (Bergamo),Delezione R3-R1 etero (CFH-23C/CFHR1-6B),,,
4,6008,F,NO,21-03-51,30-06-18,Madre,-1,Madre,Monte,0,2,p.Arg1210Cys,,,,,,NON ESEGUITO,,,
5,6017,F,SI,27-06-03,02-10-06,Probando,0,Probando,,1,1,Negativo,Negativo,c.286+2 T>G omo ,Negativo,Negativo,Negativo,WT,,,
5,06017A,M,NO,08-01-71,30-06-18,Padre,-1,Padre,Monte,0,2,/,/,c.286+2 T>G etero,/,/,/,/,,,
5,06017B,F,NO,17-10-71,30-06-18,Madre,-1,Madre,Monte,0,2,/,/,c.286+2 T>G etero,/,/,/,/,,,
5,06017C,F,NO,19-03-01,30-06-18,Sorella,0,Sorella,Valle,1,2,/,/,c.286+2 T>G etero,/,/,/,/,,,
5,06017D,M,NO,18-06-06,30-06-18,Fratello,0,Fratello,Valle,1,2,/,/,c.286+2 T>G etero,/,/,/,/,,,
6,6022,F,SI,13-10-70,30-06-02,Probando,0,Probando,,1,0,p.Cys1163Trp; c.3489 C>G,,,,,,NON ESEGUITO,Assenti,,
6,6021,F,NO,27-10-37,30-06-18,Madre,-1,Madre,Monte,0,2,p.Cys1163Trp,,,,,,NON ESEGUITO,,,
6,7006,M,NO,01-01-45,30-06-18,Zio,-1,Zio,Monte,0,2,p.Cys1163Trp; c.3489 C>G,/,/,/,/,/,/,,,
7,7011,M,SI,26-07-04,03-03-07,Probando,0,Probando,,1,1,Negativo (Bergamo),p.Gly269Ser;  c.805G>A ,,,,,NON ESEGUITO,,,
7,07011C,M,NO,09-02-96,30-06-18,Fratello,0,Fratello,Valle,1,2,/,p.Gly269Ser,/,/,/,/,/,,,
7,07011B,F,NO,07-12-71,30-06-18,Madre,-1,Madre,Monte,0,2,/,p.Gly269Ser,/,/,/,/,/,,,
8,7024,M,SI,12-06-89,15-03-99,Probando,0,Probando,,1,0,Negativo (Bergamo),Negativo (Bergamo),Negativo (Bergamo),Negativo (Bergamo),,,dup CFH  (CFH-1/CFH18),,,
8,07024C,M,NO,17-08-93,30-06-18,Fratello,0,Fratello,Valle,1,2,/,/,/,/,/,/,dup CFH  (CFH-1/CFH18),,,
8,07024A,M,NO,09-11-60,30-06-18,Padre,-1,Padre,Monte,0,2,/,/,/,/,/,/,dup CFH  (CFH-1/CFH18),,,
8,07024E,M,NO,03-02-56,30-06-18,Zio,-1,Zio,Monte,0,2,/,/,/,/,/,/,dup CFH  (CFH-1/CFH18),,,
8,,M,SI,01-06-87,01-11-89,Cugino,0,Probando,,1,0,,,,,,,dup CFH  (CFH-1/CFH18),,,
9,801,F,SI,11-03-76,30-06-97,Probando,0,Probando,,1,0,Negativo,Negativo,Negativo,Negativo,Negativo,Negativo,dup CFH SCR19-CFHR1 SCR3,,,
9,0801A,M,NO,21-03-49,30-06-18,Padre,-1,Padre,Monte,0,2,/,/,/,/,/,/,dup CFH SCR19-CFHR1 SCR3 + del R3-R1 (CFH-23C/CFHR1-6B),,,
10,819,F,SI,18-03-02,20-09-02,Probando,0,Probando,,1,1,Del CFHscr20_CFHR1scr4,Negativo,Negativo,Negativo,Negativo,Negativo,Gene Ibrido Maga (CFH-23A/CFHR1-5),,,
10,0819B,F,NO,17-07-76,30-06-18,Madre,-1,Madre,Monte,0,2,Del CFHscr20_CFHR1scr4,/,/,,,,Gene Ibrido Maga (CFH-23A/CFHR1-5),,,
10,0819C,M,NO,31-12-08,30-06-18,Fratello,0,Fratello,Valle,1,2,Del CFHscr20_CFHR1scr4,/,/,,,,Gene Ibrido Maga (CFH-23A/CFHR1-5),,,
10,,F,NO,30-06-55,30-06-18,Nonna,-2,,,,,CFH,,,,,,,,,
10,,F,NO,30-06-33,30-06-18,Bisnonna,-3,,,,,CFH,,,,,,,,,
11,921,F,SI,07-10-00,26-05-08,Probando,0,Probando,,1,1,p.Cys611Tyr; c.1832 G>A,/,/,,/,/,NON ESEGUITO,,,
11,0921A,M,NO,13-12-64,30-06-18,Padre,-1,Padre,Monte,0,2,p.Cys611Tyr,/,/,/,/,/,NON ESEGUITO,,,
11,0921C,F,NO,16-08-97,30-06-18,Sorella,0,Sorella,Valle,1,2,p.Cys611Tyr,/,/,/,/,/,NON ESEGUITO,,,
12,1052,M,SI,22-04-09,29-12-09,Probando,0,Probando,,1,0,p.Glu1172X,Negativo,Negativo,Da fare,Negativo,Negativo,/,,,
12,1052B,F,NO,17-12-74,30-06-18,Madre,-1,Madre,Monte,0,2,p.Glu1172X,/,/,/,/,/,NON ESEGUITO,,,
12,1052D,F,NO,31-01-67,30-06-18,Zia materna,-1,Zia materna,Monte,0,2,p.Glu1172X,/,/,/,/,/,NON ESEGUITO,,,
13,1058,F,SI,03-04-09,16-10-10,Probando,0,Probando,,1,0,Negativo,Negativo,p.Thr383Ile, c.1148 C>T,/,Negativo,/,/,,
13,1058A,M,NO,08-02-77,30-06-18,Padre,-1,Padre,Monte,0,2,/,/,p.Thr383Ile,/,/,/,NON ESEGUITO,,,
14,1164,F,SI,03-03-78,30-06-82,Probando,0,Probando,,1,0,/,/,p.Arg59X; c.175C>T,/,/,/,/,,,
14,1164A,M,NO,18-07-46,30-06-18,Padre,-1,Padre,Monte,0,2,/,/,p.Arg59X,/,/,/,/,,,
14,1164C,F,NO,03-03-78,30-06-18,Sorella Gemella,0,Sorella Gemella,Valle,1,2,/,/,p.Arg59X,/,/,/,/,,,
14,1164D,F,NO,09-07-73,30-06-18,Sorella,0,Sorella,Valle,1,2,/,/,p.Arg59X,/,/,/,/,,,
14,1164E,M,NO,08-05-61,30-06-18,Zio paterno,-1,Zio paterno,Monte,0,2,/,/,p.Arg59X,/,/,/,/,,,
14,1164H,F,NO,13-08-62,30-06-18,Zia paterna,-1,Zia paterna,Monte,0,2,/,/,p.Arg59X,/,/,/,/,,,
14,,M,NO,14-02-69,30-06-18,Zio paterno,-1,Zio paterno,Monte,0,2,,,MCP,,,,,,,
15,1165,M,SI,03-09-00,07-02-11,Probando,0,Probando,,1,0,Negativo,Negativo,c.268+2 T>G,/,Negativo,Negativo,/,,,
15,1165A,M,NO,23-09-67,30-06-18,Padre,-1,Padre,Monte,0,2,/,/,c.286 +2T>G,/,/,/,/,,,
16,1168,M,SI,05-10-06,03-03-11,Probando,0,Probando,,1,0,p.Ser1191Leu; c.3572 C>T,Negativo,Negativo,Negativo,Negativo,Negativo,Delezione R3-R1 etero (CFH-23C/CFHR1-6B),Assenti,,
16,1168B,F,NO,13-04-74,30-06-18,Madre,-1,Madre,Monte,0,2,p.Ser1191Leu,/,/,/,/,/,/,,,
17,1183,F,SI,10-12-73,16-08-11,Probando,0,Probando,,1,1,p.Arg1210Cys; c.3628 C>T,p.Asp519Asn; c.1555 G>T,Negativo,Negativo,Negativo,p.Ala43Thr; c.127 G>A,WT,Assenti,,
17,1183A,M,NO,20-04-49,30-06-18,Padre,-1,Padre,Monte,0,2,p.Arg1210Cys,Negativo,/,/,/,p.Ala43Thr ,/,,,
17,1183B,F,NO,12-03-48,30-06-18,Madre,-1,Madre,Monte,0,2,Negativo,p.Asp519Asn,/,/,/,Negativo,/,,,
17,1183C,M,NO,17-12-00,30-06-18,Figlio,1,Figlio,Valle,2,1,p.Arg1210Cys,Negativo,/,/,/,p.Ala43Thr ,/,,,
17,1183D,M,NO,19-06-11,30-06-18,Figlio,1,Figlio,Valle,2,1,Negativo,p.Asp519Asn,/,/,/,p.Ala43Thr ,/,,,
17,1183E,F,NO,20-02-75,30-06-18,Sorella,0,Sorella,Valle,1,2,p.Arg1210Cys,Negativo,/,/,/,p.Ala43Thr ,/,Assenti,,
17,1183 G,F,NO,24-10-78,30-06-18,Sorella,0,Sorella,Valle,1,2,Negativo,p.Asp519Asn,/,/,/,p.Ala43Thr ,/,Assenti,,
17,1183H,M,NO,19-06-04,30-06-18,Nipote,1,,,,,,CFI,,,,,,,,
18,1188,F,SI,18-06-87,30-06-11,Probando,0,Probando,,1,1,Negativo,p.Arg406His; c.1217 G>A,Negativo,p.Asp277Glu; c.831 T>G,Negativo,Negativo,WT,da fare,,
18,1188B,F,NO,30-06-62,30-06-18,Madre,-1,Madre,Monte,0,2,/,p.Arg406His,/,Negativo,/,/,/,,,
18,1188C,M,NO,21-04-06,30-06-18,Figlio,1,Figlio,Valle,2,1,/,Negativo,/,p.Asp277Glu; c.831 T>G ,/,/,/,,,
18,1188D,M,NO,09-07-11,30-06-18,Figlio,1,Figlio,Valle,2,1,/,Negativo,/,p.Asp277Glu; c.831 T>G ,/,/,/,,,
18,1188E,F,NO,22-07-84,30-06-18,Sorella,0,Sorella,Valle,1,2,/,p.Arg406His,/,Negativo,/,/,/,,,
18,1188F,M,NO,31-03-93,30-06-18,Fratello,0,Fratello,Valle,1,2,/,p.Arg406His,/,Negativo,/,/,/,Assenti,,
18,1188H,F,NO,30-06-07,30-06-18,Nipote,1,,,,,,CFI,,,,,,,,
19,1190,F,SI,05-04-71,01-01-06,Probando,0,Probando,,0,1,Negativo,p.Asp519Asn; c.1555 G>T,Negativo,Negativo,Negativo,Negativo,WT,Assenti,,
19,1190C,M,NO,08-07-99,30-06-18,Figlio,1,Figlio,Valle,2,1,/,p.Asp519Asn,/,/,/,/,/,,,
19,1190D,M,NO,03-04-02,30-06-18,Figlio,1,Figlio,Valle,2,1,/,p.Asp519Asn,/,/,/,/,/,,,
19,1190E,M,NO,27-11-68,30-06-18,Fratello,0,Fratello,Valle,0,2,/,p.Asp519Asn,/,/,/,/,/,,,
19,1190G,M,NO,11-01-76,30-06-18,Fratello,0,Fratello,Valle,0,2,/,p.Asp519Asn,/,/,/,/,/,,,
19,,F,NO,12-01-09,30-06-18,Nipote,1,,,,,,p.Asp519Asn,,,,,,,,
19,,F,NO,30-05-03,30-06-18,Nipote,1,,,,,,p.Asp519Asn,,,,,,,,
20,,M,SI,30-06-12,30-06-63,Nonno,-2,Probando,,0,2,,,, POS BG,,,,,,
20,12100,F,SI,14-10-83,30-06-86,Probando,0,Nipote (nonno),,2,2,,,, POS BG,,,,,,
20,,F,SI,01-03-70,30-06-95,Sorella,0,Nipote (nonno),,2,2,,,, POS BG,,,,,,
20,,F,SI,30-06-48,30-06-00,Madre,-1,Figlia,,2,2,,,, POS BG,,,,,,
20,,F,SI,30-06-60,30-06-90,Zia,-1,Figlia,,2,2,,,, POS BG,,,,,,
20,,M,SI,30-06-53,30-06-77,Zio,-1,Figlio,,2,2,,,, POS BG,,,,,,
21,12103,M,SI,03-09-89,15-09-95,Probando,0,Probando,,1,1,BG,Negativo,p.Arg229X; c.685C>T,Negativo,Negativo,Negativo,WT,Assenti,,
21,12103 B,F,NO,27-03-57,30-06-18,Madre,-1,Madre,Monte,0,2,/,/,R229X,/,/,/,NON ESEGUITO,,,
21,12103 C,F,NO,09-03-80,30-06-18,Sorella,0,Sorella,Valle,1,2,/,/,R229X,/,/,/,NON ESEGUITO,,,
22,12110,M,SI,29-01-85,30-06-92,Probando,0,Probando,,1,0,p.Cys926Arg; c.2776 T>C ,Negativo,Negativo,Negativo,Negativo,Negativo,Delezione R3-R1 omo  (CFH-23C/CFHR1-6B),Assenti,,
22,12110 B,F,NO,12-12-57,30-06-18,Madre,-1,Madre,Monte,0,2,C926R,/,/,/,/,/,Delezione R3-R1 etero (CFH-23C/CFHR1-6B),,,
23,12111,F,SI,23-03-67,15-11-98,Probando,0,Probando,,1,1,/,p.Gly349Arg; c.1045G>A,/,/,/,/,Sospeso,,,
23,12111 B,F,NO,14-09-39,30-06-18,Madre,-1,Madre,Monte,0,2,/,G349R,/,/,/,/,NON ESEGUITO,,,
23,12111 C,M,NO,14-06-63,30-06-18,Fratello,0,Fratello,Valle,1,2,/,G349R,/,/,/,/,NON ESEGUITO,,,
23,12111 F,M,NO,28-01-36,30-06-18,Zio,-1,Zio,Monte,0,2,/,G349R,/,/,/,/,NON ESEGUITO,,,
23,,M,NO,30-06-64,30-06-18,Cugino,0,,,,,,G349R,,,,,,,,
23,,M,NO,30-06-05,30-06-18,Nipote,1,,,,,,G349R,,,,,,,,
24,12113,M,SI,30-11-62,14-05-12,Probando,0,Probando,,1,1,p.Cys611Tyr; c.1832 G>A,Negativo,Negativo,Negativo,Negativo,Negativo,WT,Assenti,,
24,12113A,M,NO,19-10-32,30-06-18,Padre,-1,Padre,Monte,0,2,C611Y,/,/,/,/,/,NON ESEGUITO,,,
24,12113D,M,NO,28-11-95,30-06-18,Figlio,1,Figlio,Valle,2,0,C611Y,/,/,/,/,/,NON ESEGUITO,,,
25,12119,F,SI,17-03-07,04-08-12,Probando,0,Probando,,1,0,Negativo,Negativo,p.Phe175Val; c.523T>G,Negativo,Negativo,Negativo,Delezione R3-R1 etero (CFH-23C/CFHR1-6B),,,
25,12119A,M,NO,08-03-68,30-06-18,Padre,-1,Padre,Monte,0,2,/,/,F175V,/,/,/,NON ESEGUITO,,,
26,12122,F,SI,14-04-87,13-07-10,Probando,0,Probando,,1,2,p.Arg53Cys; c.157C>T HO ,Negativo,Negativo,p.Ala540Ser; c.1518G>T ,Negativo,Negativo,Delezione R3-R1 omo  (CFH-23C/CFHR1-6B),Assenti,,
26,12122 A,M,NO,01-01-61,30-06-18,Padre,-1,Padre,Monte,0,2,      R53C       hetero,/,/,A540S het,/,/,Delezione R3-R1 etero (CFH-23C/CFHR1-6B),,,
26,12122 B,F,NO,20-05-65,30-06-18,Madre,-1,Madre,Monte,0,2,      R53C       homo,/,/,Negativo,/,/,Delezione R3-R1 omo  (CFH-23C/CFHR1-6B),,,
26,,M,SI,30-06-85,30-06-91,Fratello,0,Fratello,Valle,1,2,,,,,,,,,,
26,12122 C,F,SI,10-02-89,27-12-09,Sorella,0,Sorella,Valle,1,2,      R53C       homo,/,/,Negativo,/,/,Delezione R3-R1 omo  (CFH-23C/CFHR1-6B),,,
26,12122 F,F,NO,09-01-13,30-06-18,Figlia,1,Figlia,Valle,2,0,      R53C       hetero,/,/,A540S het,/,/,Delezione R3-R1 omo  (CFH-23C/CFHR1-6B),,,
26,12122 D,M,NO,29-11-90,30-06-18,Fratello,0,Fratello,Valle,1,2,      R53C       hetero,/, MCP,A540S het,/,/,Delezione R3-R1 etero (CFH-23C/CFHR1-6B),,,
26,12122 E,F,NO,31-07-93,30-06-18,Sorella,0,Sorella,Valle,1,2,      R53C       hetero,/,/,Negativo,/,/,Delezione R3-R1 etero (CFH-23C/CFHR1-6B),,,
26,12122 C1,F,NO,17-12-09,30-06-18,Nipote,1,Figlia,Valle,2,0,      R53C       hetero,/,/,Negativo,/,/,Delezione R3-R1 etero (CFH-23C/CFHR1-6B),,,
27,13149,F,SI,22-08-83,30-06-09,Probando,0,Probando,,0,1,c.3694_3697delTAGA,Negativo,Negativo,Negativo,Negativo,Negativo,WT,,,
27,13149C,M,NO,19-09-09,30-06-18,Figlia,1,Figlio/a,Valle,2,1,c.3694_3697delTAGA,/,/,/,/,/,/,,,
27,13149D,M,NO,26-09-06,30-06-18,Figlia,1,Figlio/a,Valle,2,1,c.3694_3697delTAGA,/,/,/,/,/,/,,,
27,13149E,F,NO,22-01-13,30-06-18,Figlia,1,Figlio/a,Valle,2,1,c.3694_3697delTAGA,/,/,/,/,/,/,,,
28,13152,F,SI,09-05-02,29-03-13,Probando,0,Probando,,1,1,p.Gln950His het ,Negativo,Negativo,Negativo,Negativo,Negativo,Delezione R3-R1 omo  (CFH-23C/CFHR1-6B),,,
28,13152B,F,NO,19-08-64,30-06-18,Madre,-1,Madre,Monte,0,2,p.Gln950His het ,/,/,/,/,/,Delezione R3-R1 etero (CFH-23C/CFHR1-6B),,,
28,13152D,M,NO,22-08-67,30-06-18,Zio,-1,Zio,Monte,0,2,p.Gln950His het ,/,/,/,/,/,Delezione R3-R1 etero (CFH-23C/CFHR1-6B),,,
28,13152E,M,NO,11-07-91,30-06-18,Fratello,0,Fratello,Valle,1,2,p.Gln950His het ,/,/,/,/,/,Delezione R3-R1 etero (CFH-23C/CFHR1-6B),,,
28,13152,F,NO,30-06-42,30-06-18,Nonna,-2,,,,,CFH,,,,,,,,,
29,13158,M,SI,01-01-10,25-03-13,Probando,0,Probando,,1,0,Sospeso,Sospeso,Arg229* ; Thr383Ile ,Sospeso,Sospeso,Sospeso,Sospeso,,,
29,13158B,F,NO,07-05-76,30-06-18,Madre,-1,Madre,Monte,0,2,/,/,Thr383Ile c.1148C>T,/,/,/,/,,,
30,13161,F,SI,26-07-85,30-06-93,Probando,0,Probando,,1,1,Negativo,Negativo,p.Tyr189Asp,Negativo,Negativo,Negativo,WT,,,
30,13161A,M,NO,09-09-56,30-06-18,Padre,-1,Padre,Monte,0,2,/,/,p.Tyr189Asp,/,/,/,/,,,
30,13161C,F,NO,21-01-11,30-06-18,Figlia,1,Figlia,Valle,2,0,/,/,p.Tyr189Asp,/,/,/,/,,,
30,13161D,F,NO,02-03-91,30-06-18,Sorella,0,Sorella,Valle,1,2,/,/,p.Tyr189Asp,/,/,/,/,,,
31,13164,F,SI,22-07-92,15-08-13,Probando,0,Probando,,1,0,Negativo,p.Arg448Leu het,Negativo,Negativo,Negativo,Negativo,WT,,,
31,13164B,F,NO,02-09-59,30-06-18,Madre,-1,Madre,Monte,0,2,/,p.Arg448Leu het,/,/,/,/,/,,,
32,13170,M,SI,25-09-60,15-02-09,Probando,0,Probando,,0,2,Negativo (Bergamo),Negativo (Bergamo),Negativo,Negativo (Bergamo),Negativo (Bergamo),Negativo (Bergamo),DUP CFH-SCR20/CFHR1-SCR4,,,
32,13170C,F,SI,31-03-92,15-01-12,Figlia,1,Figlia,Valle,2,1,Negativo (Bergamo),/,/,/,/,/,DUP CFH-SCR20/CFHR1-SCR4,,,
32,13170D,M,NO,17-04-97,30-06-18,Figlio,1,Figlio,Valle,2,2,/,/,/,/,/,/,DUP CFH-SCR20/CFHR1-SCR4,,,
33,13182,M,SI,01-08-00,15-12-13,Probando,0,Probando,,1,1,Negativo,Negativo,p.Thr383Ile, c.1148 C>T,Negativo,Negativo,Negativo,Delezione R3-R1 etero (CFH-23C/CFHR1-6B),,
33,13182B,F,NO,01-05-69,30-06-18,Madre,-1,Madre,Monte,0,2,/,/,p.Thr383Ile, c.1148 C>T,/,/,/,Delezione R3-R1 etero (CFH-23C/CFHR1-6B),,
33,13182C,M,NO,28-08-93,30-06-18,Fratello,0,Fratello,Valle,1,2,/,/,p.Thr383Ile, c.1148 C>T,/,/,/,Delezione R3-R1 etero (CFH-23C/CFHR1-6B),,
33,13182E,F,NO,07-10-76,30-06-18,Zia,-1,Zia,Monte,0,2,/,/,p.Thr383Ile, c.1148 C>T,/,/,/,Delezione R3-R1 omoz (CFHR3-UP/CFHR1-6B),,
33,13182E,F,NO,30-06-52,30-06-18,Nonna,-2,,,,,,,,,,,,,,
34,14192,F,SI,20-09-65,23-02-13,Probando,0,Probando,,0,1,p.Gly795Arg (Bergamo),Negativo (Bergamo),Negativo (Bergamo),Negativo (Bergamo),Negativo (Bergamo),p.Gly79Ala (Bergamo),Sospeso,,,
34,14192C,F,NO,09-12-67,30-06-18,Sorella,0,Sorella,Valle,0,2,Gly795Arg het,/,/,/,/,Negativo,/,,,
34,14192D,M,NO,19-10-66,30-06-18,Fratello,0,Fratello,Valle,0,2,Gly795Arg het,/,/,/,/,Negativo,/,,,
34,,F,NO,30-06-05,30-06-18,Nipote,1,,,,,CFH,,,,,,,,,
35,14203,M,SI,02-05-63,15-05-14,Probando,0,Probando,,1,1,Arg1210Cys tc,Lys441Arg ag,Negativo,Negativo,Negativo,Negativo,Delezione R3(Ex6) - R1(Ex6b)  het Gene Ibrido,,,
35,14203A,M,NO,10-01-30,30-06-18,Padre,-1,Padre,Monte,0,2,Arg1210Cys tc,Negativo,/,/,/,/,WT,,,
35,14203B,F,NO,29-01-36,30-06-18,Madre,-1,Madre,Monte,0,2,Negativo,Lys441Arg ag,/,/,/,/,Del R3 (ex6) – R1 (ex1-6) het Gene Ibrido,,,
35,14203C,M,NO,08-12-02,30-06-18,Figlio,1,Figlio,Valle,2,1,Negativo,Negativo,/,/,/,/,Del R3-R1 (CFHR3-Up/CFHR1-6B) + Del R3 (ex6) – R1 (ex1-6) Gene Ibrido,,,
35,14203D,F,NO,13-03-99,30-06-18,Figlia,1,Figlia,Valle,2,1,Arg1210Cys tc,Lys441Arg ag,/,/,/,/,Delezione R3-R1 etero (CFHR3-Up/CFHR1-6B),,,
36,14207,F,SI,03-06-83,02-10-14,Probando,0,Probando,,1,0,Negativo,Negativo,Negativo,p.Lys65Gln ,Negativo,Negativo,Delezione R3-R1 etero (CFH-23C/CFHR1-6B),,,
36,14207B,F,NO,03-03-56,30-06-18,Madre,-1,Madre,Monte,0,2,/,/,/,p.Lys65Gln ,/,/,Delezione R3-R1 etero (CFH-23C/CFHR1-6B),,,
37,14216,M,SI,04-09-46,15-10-11,Probando,0,Probando,,0,1,Negativo,Negativo,Negativo,Negativo,Ile469Met cg,Negativo,WT,,,
37,14216A,M,NO,11-09-72,30-06-18,Figlio,1,Figlio,Valle,2,1,/,/,/,/,Ile469Met cg,/,/,,,
37,14216B,F,NO,22-11-81,30-06-18,Figlia,1,Figlia gemella,Valle,2,1,/,/,/,/,Ile469Met cg,/,/,,,
37,14216C,F,NO,22-11-81,30-06-18,Figlia,1,Figlia gemella,Valle,2,1,/,/,/,/,Ile469Met cg,/,/,,,
38,,M,SI,01-06-36,01-06-64,Zio,-1,Probando,,0,2,,,,,,,,,,
38,,M,NO,01-06-33,30-06-05,Padre,-1,Fratello,Valle,0,2,Arg1210Cys tc,/,Arg59*,/,/,/,/,,,
38,,M,SI,04-04-75,30-06-78,Fratello,0,Probando,,2,2,Arg1210Cys tc,/,Cys35Tyr, Arg59*,/,/,/,/,,
38,,M,SI,01-01-65,30-06-71,Fratello,0,Fratello,Valle,2,2,,,,,,,,,,
38,15269,M,NO,27-10-73,30-06-18,Probando,0,Fratello,Valle,2,2,Arg1210Cys tc,/,Cys35Tyr, Arg59*,/,/,/,/,,
39,15281,F,SI,04-04-90,03-03-15,Probando,0,Probando,,1,1,Negativo,Ile416Leu ca,Negativo,Asp1115Asn ga,Negativo,Negativo,Delezione R3-R1 etero (CFH-23C/CFHR1-6B),,,
39,15281B,F,NO,07-09-59,30-06-18,Madre,-1,Madre,Monte,0,2,/,Ile416Leu ca,/,Asp1115Asn ga,/,/,WT,,,
39,15281C,M,NO,24-07-99,30-06-18,Fratello,0,Fratello,Valle,1,2,/,Ile416Leu ca,/,Negativo,/,/,Delezione R3-R1 etero (CFHR3-Up/CFHR1-6B),,,
40,15302,F,SI,26-03-77,23-05-15,Probando,0,Probando,,1,1,Negativo,Lys441Arg GA,Negativo,Arg735Trp CT,Negativo,Negativo,WT,,,
40,15302A,M,NO,05-03-38,30-06-18,Padre,-1,Padre,Monte,0,2,/,Lys441Arg GA,/,Arg735Trp CT,/,/,,,,
40,15302C,M,NO,03-04-82,30-06-18,Fratello,0,Fratello,Valle,1,2,/,Lys441Arg AG ,/,Arg735Trp CT,/,/,/,,,
41,15309,M,SI,28-04-15,29-10-15,Probando,0,Probando,,1,0,Negativo,Negativo,c.286+2T>G het,Negativo,Negativo,Negativo,WT,,,
41,15309B,F,NO,30-06-78,30-06-18,Madre,-1,Madre,Monte,0,2,/,/,c.286+2T>G het,/,/,/,/,,,
42,15310,F,SI,07-06-86,15-01-13,Probando,0,Probando,,1,0,/,/,/,p.Ala1045Thr ,/,/,Delezione R3-R1 omoz (CFHR3-UP/CFHR1-6B),,,
42,15310B,F,NO,04-08-52,30-06-18,Madre,-1,Madre,Monte,0,2,/,/,/,p.Ala1045Thr GA,/,/,Delezione R3-R1 etero (CFHR3-Up/CFHR1-6B),,,
43,,M,SI,01-12-45,01-01-78,Padre,-1,Probando,,0,2,,,,C3,,,,,,
43,15324,F,SI,04-08-72,15-10-15,Probando,0,Figlia,Valle,2,1,Negativo,Negativo,Negativo,c.-2_-1insAC het+Lys65Gln CA+Leu67Val GC,Negativo,Negativo,WT,,,
43,15324D,M,NO,12-08-10,30-06-18,Figlio,1,Figlio,Valle,2,0,/,/,/,c.-2_-1insAC het+Lys65Gln CA+Leu67Val GC,/,/,,,,
44,16332,F,SI,20-05-76,15-02-16,Probando,0,Probando,,1,1,Cys80Ser GC,Negativo,Negativo,Negativo,Negativo,Negativo,WT,,,
44,16332B,F,NO,08-05-53,30-06-18,Madre,-1,Madre,Monte,0,2,Cys80Ser GC,/,/,/,/,/,/,/,,
44,16332C,F,NO,20-09-90,30-06-18,Sorella,0,Sorella,Valle,1,2,Cys80Ser GC,/,/,/,/,/,/,/,,
44,16332E ,F,NO,16-06-15,30-06-18,Figlia,1,Figlia,Valle,2,0,Cys80Ser GC,/,/,/,/,/,/,/,,
45,16342,F,SI,10-11-91,11-01-16,Probando,0,Probando,,0,1,Negativo,Negativo,Negativo,Negativo,Negativo,Negativo,Dup CFH ex23-CFHR1 ex3,,,
45,16342C,F,NO,07-01-16,30-06-18,Figlia,1,Figlia,Valle,2,0,/,/,/,/,/,/,Dup CFH ex23-CFHR1 ex3,,,
46,,F,SI,01-06-73,01-12-77,Zia,-1,Probando,,0,2,CFH,,,,,,,,,
46,,F,SI,01-01-78,01-01-86,Madre,-1,Sorella,Valle,0,2,CFH,,,,,,,,,
46,16344,F,SI,17-03-82,30-06-86,Zia,-1,Sorella,Valle,0,2,p.Asp130Asn GA,Negativo,Negativo,Negativo,Negativo,Negativo,WT,,,
46,,M,SI,01-06-08,01-01-15,Probando,0,Figlio,Valle,2,0,CFH,,,,,,,,,
46,16344C,F,NO,15-03-13,30-06-18,Cugina,0,Figlia,Valle,2,0,p.Asp130Asn GA,/,/,/,/,/,/,/,,
47,16349,M,SI,27-01-92,13-03-16,Probando,0,Probando,,0,1,Negativo,Negativo,Arg229* CT,Negativo,Negativo,Negativo,WT,,,
47,16349D,F,NO,15-09-99,30-06-18,Sorella,0,Sorella,Valle,0,2,/,/,Arg229* CT,/,/,/,/,/,,
48,16358,F,SI,15-05-82,09-04-85,Probando,0,Probando,,1,1,Negativo,Negativo,Negativo,Negativo,Negativo,Ala43Thr GA,Delezione R3(Ex6) - R1(Ex6b) het Gene Ibrido,,,
48,16358A,M,NO,26-09-50,30-06-18,Padre,-1,Padre,Monte,0,2,/,/,/,/,/,Ala43Thr GA,Delezione R3(Ex6) - R1(Ex6b) het Gene Ibrido,/,,
48,16358C,M,NO,20-04-77,30-06-18,Fratello,0,Fratello,Valle,1,2,/,/,/,/,/,Ala43Thr GA,Delezione R3(Ex6) - R1(Ex6b) het Gene Ibrido,/,,
50,16389,F,SI,03-02-12,25-08-16,Probando,0,Probando,,1,1,Leu10Arg GT,Negativo,Tyr189Asp GT,Negativo,Negativo,Negativo,WT,,,
50,16389A,M,NO,15-02-73,30-06-18,Padre,-1,Padre,Monte,0,2,Negativo,/,Tyr189Asp GT,/,/,/,/,,,
50,16389B,F,NO,24-10-77,30-06-18,Madre,-1,Madre,Monte,0,2,Leu10Arg GT,/,Negativo,/,/,/,/,,,
50,16389C,F,NO,24-06-09,30-06-18,Sorella,0,Sorella,Valle,1,2,Negativo,/,Tyr189Asp GT,/,/,/,/,,,
50,,M,NO,03-08-44,30-06-18,Nonno,-2,,,,,,,MCP,,,,,,,
51,16394,M,SI,06-01-64,15-07-16,Probando,0,Probando,,0,1,Negativo,Gly119Arg GA,Negativo,Ser410Gly AG,Negativo,Negativo,Negativo,,VUS:Arg356His GA,
51,16394C,M,NO,22-08-94,30-06-18,Figlio,1,Figlio,Valle,2,1,/,Negativo,/,Ser410Gly AG,/,/,/,,VUS:Arg356His GA,
51,16394D,M,NO,05-08-87,30-06-18,Figlio,1,Figlio,Valle,2,1,/,Gly119Arg GA,/,Ser410Gly AG,/,/,/,,Negativo,
51,,F,NO,07-12-52,30-06-18,Sorella,0,Sorella,Valle,0,2,,,,C3,,,,,,
52,16397,F,SI,18-12-85,30-06-10,Probando,0,Probando,,1,1,Glu625Lys GA,Negativo,Negativo,Negativo,Negativo,Negativo,Delezione R3-R1 etero (CFHR3-UP/CFHR1-6B),,Arg356His GA,
52,16397A,M,NO,13-12-63,30-06-18,Padre,-1,Padre,Monte,2,2,c.1873G>A p.Glu625Lys,/,/,/,/,/,WT,,Arg356His GA,
52,,F,NO,15-11-62,30-06-18,Madre,-1,Zia,Monte,2,2,CFH,,,,,,,,,
52,16397C,M,NO,23-12-09,30-06-18,Figlio,1,Figlio,Valle,2,0,c.1873G>A p.Glu625Lys,/,/,/,/,/,Delezione R3-R1 etero (CFHR3-UP/CFHR1-6B),,Arg356His GA,
52,,F,SI,27-02-42,27-07-08,Nonna,-2,Probando,,0,1,CFH,,,,,,,,,
52,,F,NO,13-09-47,30-06-18,Nonna,-2,Sorella,Valle,0,2,CFH,,,,,,,,,
53,16413,M,SI,09-09-16,24-11-16,Probando,0,Probando,,1,0,Negativo,Negativo,Ala353Val TC ,Met1604Thr c.4811T>C,Negativo,Negativo,WT,,Arg356His GA,
53,16413A,M,NO,02-05-74,30-06-18,Padre,-1,Padre,Monte,0,2,/,/,Negativo,Met1604Thr c.4811T>C,/,/,/,,Arg356His GA,
53,16413B,F,NO,18-04-77,30-06-18,Madre,-1,Madre,Monte,0,2,/,/,Ala353Val TC ,Negativo,/,/,/,,Negativo,
54,16420,F,SI,31-07-76,21-11-16,Probando,0,Probando,,0,1,c.2650T>C p.Ser884Pro,Negativo,Negativo,Negativo,Negativo,Negativo,WT,,Arg356His AA,
54,16420C,F,NO,02-12-11,30-06-18,Figlia,1,Figlia gemella,Valle,2,0,c.2650T>C p.Ser884Pro,/,/,/,/,/,/,,/,
55,16425,M,SI,05-09-96,30-06-04,Probando,0,Probando,,1,1,Negativo,Negativo,c.664G>T p.Glu222*,Negativo,Negativo,Negativo,Delezione R3-R1 etero (CFHR3-UP/CFHR1-6B),,Negativo,
55,16425A,M,NO,08-05-63,30-06-18,Padre,-1,Padre,Monte,0,2,/,/,c.664G>T p.Glu222* ,/,/,/,/,,/,
55,16425C,F,NO,07-04-02,30-06-18,Sorella,0,Sorella,Valle,1,2,/,/,c.664G>T p.Glu222* ,/,/,/,,,/,
57,17433,M,SI,06-01-12,15-05-15,Probando,0,Probando,,1,0,Negativo,Negativo, c.404G>A p.Gly135Asp,Negativo,Negativo,Negativo,WT,,Negativo,
57,17433B,F,NO,12-12-74,30-06-18,Madre,-1,Madre,Monte,0,2,/,/, c.404G>A het p.Gly135Asp,/,/,/,/,,/,
58,17440,M,SI,07-01-11,29-01-17,Probando,0,Probando,,0,1,c.2850G>T p.Gln950His,Negativo,Negativo,Negativo,Negativo,Negativo,Delezione R3-R1 omo (CFHR3-UP/CFHR1-6B),,Negativo,
58,17440C,F,NO,07-01-11,30-06-18,Sorella,0,Sorella Gemella,Valle,0,2,c.2850G>T het p.Gln950His,/,Negativo,/,/,/,Delezione R3-R1 OMO (CFHR3-UP/CFHR1-6B),,/,
59,17452,M,SI,22-07-95,30-06-98,Probando,0,Probando,,1,0,c.7C>G het p.Leu3Val ,Negativo,Negativo,Negativo,Negativo,Negativo,Delezione R3-R1 etero (CFHR3-UP/CFHR1-6B),,Negativo,
59,17452A,M,NO,01-08-47,30-06-18,Padre,-1,Padre,Monte,0,2,c.7C>G het p.Leu3Val ,/,/,/,/,/,WT,,/,
60,17471,F,SI,20-04-91,16-01-17,Probando,0,Probando,,1,0,Negativo,Negativo,Negativo,Negativo,Negativo,Negativo,CFHR1(EX1-5)-CFH(SCR20) gene ibrido DeCordoba,,Negativo,
60,17471C,F,SI,05-02-65,30-06-91,Zia,-1,Zia,Monte,0,2,/,/,/,/,/,/,CFHR1(EX1-5)-CFH(SCR20) gene ibrido DeCordoba + dupR3-R1,,/,
60,,M,NO,17-03-62,30-06-18,Padre,-1,Padre,Monte,0,2,,,,,,,,,,
60,,M,SI,30-06-91,30-06-95,Cugino,0,Probando,,2,0,,,,,,,CFHR1(EX1-5)-CFH(SCR20) gene ibrido DeCordoba,,,
61,17473,F,SI,03-11-77,28-04-17,Probando,0,Probando,,1,1,Negativo,c.949C>T p.Arg317Trp,Negativo,Negativo,Negativo,Negativo,WT,,c.432A>T p.Lys144Asn (c.1067G>A het p.Arg356His,
61,17473B,F,NO,03-04-59,30-06-18,Madre,-1,Madre,Monte,0,2,/,c.949C>T p.Arg317Trp,/,/,/,/,/,,c.432A>T p.Lys144Asn ,
61,17473C,F,NO,11-09-14,30-06-18,Figlia,1,Figlia,Valle,2,0,/,Negativo,/,/,/,/,/,,c.432A>T p.Lys144Asn ,
61,17473D,F,NO,17-12-95,30-06-18,Sorella,0,Sorella,Valle,1,2,/,Negativo,/,/,/,/,/,,c.432A>T p.Lys144Asn ,
61,17473E,F,NO,30-07-79,30-06-18,Sorella,0,Sorella,Valle,1,2,/,Negativo,/,/,/,/,/,,c.432A>T p.Lys144Asn ,
62,17475,M,SI,08-10-68,24-04-17,Probando,0,Probando,,0,1,Negativo,Negativo,Negativo,c.4484C>T p.Pro1495Leu,Negativo,Negativo,WT,,Negativo,
62,17475C,F,NO,09-01-73,30-06-18,Sorella,0,Sorella,Valle,0,2,Negativo,/,Negativo,c.4484C>T p.Pro1495Leu,/,/,/,,/,
62,,M,NO,23-06-05,30-06-18,Nipote,1,,,,,,,,C3,,,,,,
63,17481,F,SI,31-08-43,30-06-17,Probando,0,Probando,,0,1,c.2850G>T p.Gln950His,Negativo,Negativo,Negativo,c.754G>A p.Gly252Ser,Negativo,Delezione R3-R1 etero (CFHR3-UP/CFHR1-6B),,Negativo,
63,,M,NO,16-11-77,30-06-18,Figlio,1,Figlio,Valle,2,1,,,,,CFB,,,,,
63,17481C,M,NO,27-12-81,30-06-18,Figlio,1,Figlio,Valle,2,1,c.2850G>T p.Gln950His,/,/,/,Negativo,/,Delezione R3-R1 etero (CFHR3-UP/CFHR1-6B),,/,
64,17483,M,SI,05-03-15,09-06-17,Probando,0,Probando,,1,0,Negativo,Negativo,Negativo,c.4383 C>A het p.Phe1461Leu,Negativo,Negativo,WT,,Negativo,
64,17483A,M,NO,03-10-78,30-06-18,Padre,-1,Padre,Monte,0,2,/,/,/,c.4383 C>A het p.Phe1461Leu,/,/,/,,/,
64,17483D,M,NO,14-08-88,30-06-18,Zio,-1,Zio,Monte,0,2,/,/,/,c.4383 C>A het p.Phe1461Leu,/,/,/,,/,
65,,F,SI,12-11-09,21-07-11,Probando,0,Probando,,1,0,,,,,,,,,,
65,,M,NO,04-11-72,30-06-18,Padre,-1,Padre,Monte,0,2,,,,,,,,,,
66,,F,SI,30-06-62,30-06-93,Madre,-1,Probando,,0,1,,,MCP,,,,,,,
66,,F,SI,28-12-84,30-04-12,Probando,0,Figlia,Valle,2,0,,,MCP,,,,,,,
67,,M,SI,07-12-15,20-02-17,Probando,0,Probando,,1,0,CFH,,MCP,,,,,,,
67,,M,NO,10-03-69,30-06-18,Padre,-1,Padre,Monte,0,2,CFH,,,,,,,,,
67,,F,NO,06-07-78,30-06-18,Madre,-1,Madre,Monte,0,2,,,MCP,,,,,,,
68,,F,SI,05-02-93,16-03-17,Probando,0,Probando,,0,1,CFH,,,,,,,,,
68,,F,NO,13-03-17,30-06-18,Figlia,1,Figlia,Valle,2,0,CFH,,,,,,,,,
69,,F,SI,08-10-90,30-07-14,Probando,0,Probando,,1,0,,CFI,,,,,,,,
69,,F,NO,01-06-65,30-06-18,Madre,-1,Madre,Monte,0,2,,CFI,,,,,,,,
70,,F,SI,22-03-12,03-12-13,Probando,0,Probando,,1,0,,,,C3,,,,,,
70,,M,NO,13-04-86,30-06-18,Padre,-1,Padre,Monte,0,2,,,,C3,,,,,,
71,,M,SI,30-06-00,30-06-11,Probando,0,,,,,,,MCP,,,,,,,
71,,M,NO,30-06-67,30-06-18,Padre,-1,,,,,,,MCP,,,,,,,
71,,M,NO,30-06-36,30-06-18,Nonna,-2,,,,,,,MCP,,,,,,,
72,,M,SI,30-06-55,30-06-12,Probando,0,,,,,,CFI,,,,,,,,
72,,M,SI,30-06-50,30-06-15,Fratello,0,,,,,,CFI,,,,,,,,
72,,F,NO,30-06-88,30-06-18,Figlia,1,,,,,,CFI,,,,,,,,
72,,M,NO,30-06-95,30-06-18,Figlio,1,,,,,,CFI,,,,,,,,
73,,M,SI,14-04-68,31-10-17,Probando,0,,,,,,,,C3,,,,,,
73,,M,SI,28-11-95,30-06-03,Figlio,1,,,,,,,,C3,,,,,,
